{
    "spawn_point":
            {
                "x": 396.34222412109375,
                "y": -298.5392150878906,
                "z": 0.6000000238418579,
                "pitch": 0.0,
                "yaw": 90.02226257324219,
                "roll": 0.0 
            }
}