{
    "spawn_point":
            {
                "x": -88.70293426513672,
                "y": 123.90895080566406,
                "z": 0.7000000238418579,
                "pitch": 180.0,
                "yaw": 89.84374237060547,
                "roll": 180.0
            }
}